{
    "1": {
        "precision": 1.0,
        "recall": 0.02947845804988662,
        "f1": 0.05726872246696035
    },
    "2": {
        "precision": 1.0,
        "recall": 0.031746031746031744,
        "f1": 0.06153846153846154
    },
    "3": {
        "precision": 0.9495798319327731,
        "recall": 0.2562358276643991,
        "f1": 0.4035714285714286
    },
    "4": {
        "precision": 0.9506172839506173,
        "recall": 0.3492063492063492,
        "f1": 0.5107794361525705
    },
    "5": {
        "precision": 0.9506172839506173,
        "recall": 0.3492063492063492,
        "f1": 0.5107794361525705
    },
    "6": {
        "precision": 0.9506172839506173,
        "recall": 0.3492063492063492,
        "f1": 0.5107794361525705
    },
    "7": {
        "precision": 0.9506172839506173,
        "recall": 0.3492063492063492,
        "f1": 0.5107794361525705
    },
    "8": {
        "precision": 0.9506172839506173,
        "recall": 0.3492063492063492,
        "f1": 0.5107794361525705
    },
    "9": {
        "precision": 0.9506172839506173,
        "recall": 0.3492063492063492,
        "f1": 0.5107794361525705
    },
    "10": {
        "precision": 0.950920245398773,
        "recall": 0.35147392290249435,
        "f1": 0.5132450331125827
    },
    "11": {
        "precision": 0.9451219512195121,
        "recall": 0.35147392290249435,
        "f1": 0.512396694214876
    },
    "12": {
        "precision": 0.9451219512195121,
        "recall": 0.35147392290249435,
        "f1": 0.512396694214876
    },
    "13": {
        "precision": 0.9451219512195121,
        "recall": 0.35147392290249435,
        "f1": 0.512396694214876
    },
    "14": {
        "precision": 0.9451219512195121,
        "recall": 0.35147392290249435,
        "f1": 0.512396694214876
    },
    "15": {
        "precision": 0.9451219512195121,
        "recall": 0.35147392290249435,
        "f1": 0.512396694214876
    },
    "16": {
        "precision": 0.9451219512195121,
        "recall": 0.35147392290249435,
        "f1": 0.512396694214876
    },
    "17": {
        "precision": 0.9451219512195121,
        "recall": 0.35147392290249435,
        "f1": 0.512396694214876
    },
    "18": {
        "precision": 0.9451219512195121,
        "recall": 0.35147392290249435,
        "f1": 0.512396694214876
    },
    "19": {
        "precision": 0.9451219512195121,
        "recall": 0.35147392290249435,
        "f1": 0.512396694214876
    },
    "20": {
        "precision": 0.950530035335689,
        "recall": 0.6099773242630385,
        "f1": 0.7430939226519337
    },
    "21": {
        "precision": 0.9217877094972067,
        "recall": 0.7482993197278912,
        "f1": 0.8260325406758448
    },
    "22": {
        "precision": 0.9217877094972067,
        "recall": 0.7482993197278912,
        "f1": 0.8260325406758448
    },
    "23": {
        "precision": 0.9207650273224044,
        "recall": 0.764172335600907,
        "f1": 0.8351920693928129
    },
    "24": {
        "precision": 0.9207650273224044,
        "recall": 0.764172335600907,
        "f1": 0.8351920693928129
    },
    "25": {
        "precision": 0.9207650273224044,
        "recall": 0.764172335600907,
        "f1": 0.8351920693928129
    },
    "26": {
        "precision": 0.9207650273224044,
        "recall": 0.764172335600907,
        "f1": 0.8351920693928129
    },
    "27": {
        "precision": 0.9083557951482479,
        "recall": 0.764172335600907,
        "f1": 0.8300492610837439
    },
    "28": {
        "precision": 0.9083557951482479,
        "recall": 0.764172335600907,
        "f1": 0.8300492610837439
    },
    "29": {
        "precision": 0.9083557951482479,
        "recall": 0.764172335600907,
        "f1": 0.8300492610837439
    },
    "30": {
        "precision": 0.9083557951482479,
        "recall": 0.764172335600907,
        "f1": 0.8300492610837439
    },
    "31": {
        "precision": 0.9083557951482479,
        "recall": 0.764172335600907,
        "f1": 0.8300492610837439
    },
    "32": {
        "precision": 0.9083557951482479,
        "recall": 0.764172335600907,
        "f1": 0.8300492610837439
    },
    "33": {
        "precision": 0.9083557951482479,
        "recall": 0.764172335600907,
        "f1": 0.8300492610837439
    },
    "34": {
        "precision": 0.9083557951482479,
        "recall": 0.764172335600907,
        "f1": 0.8300492610837439
    },
    "35": {
        "precision": 0.9083557951482479,
        "recall": 0.764172335600907,
        "f1": 0.8300492610837439
    },
    "36": {
        "precision": 0.9083557951482479,
        "recall": 0.764172335600907,
        "f1": 0.8300492610837439
    },
    "37": {
        "precision": 0.9083557951482479,
        "recall": 0.764172335600907,
        "f1": 0.8300492610837439
    },
    "38": {
        "precision": 0.9083557951482479,
        "recall": 0.764172335600907,
        "f1": 0.8300492610837439
    },
    "39": {
        "precision": 0.9083557951482479,
        "recall": 0.764172335600907,
        "f1": 0.8300492610837439
    },
    "40": {
        "precision": 0.9083557951482479,
        "recall": 0.764172335600907,
        "f1": 0.8300492610837439
    },
    "41": {
        "precision": 0.8986666666666666,
        "recall": 0.764172335600907,
        "f1": 0.8259803921568627
    },
    "42": {
        "precision": 0.8663239074550129,
        "recall": 0.764172335600907,
        "f1": 0.8120481927710843
    },
    "43": {
        "precision": 0.8663239074550129,
        "recall": 0.764172335600907,
        "f1": 0.8120481927710843
    },
    "44": {
        "precision": 0.8663239074550129,
        "recall": 0.764172335600907,
        "f1": 0.8120481927710843
    },
    "45": {
        "precision": 0.8663239074550129,
        "recall": 0.764172335600907,
        "f1": 0.8120481927710843
    },
    "46": {
        "precision": 0.8663239074550129,
        "recall": 0.764172335600907,
        "f1": 0.8120481927710843
    },
    "47": {
        "precision": 0.8663239074550129,
        "recall": 0.764172335600907,
        "f1": 0.8120481927710843
    },
    "48": {
        "precision": 0.8663239074550129,
        "recall": 0.764172335600907,
        "f1": 0.8120481927710843
    },
    "49": {
        "precision": 0.8663239074550129,
        "recall": 0.764172335600907,
        "f1": 0.8120481927710843
    },
    "50": {
        "precision": 0.8618925831202046,
        "recall": 0.764172335600907,
        "f1": 0.8100961538461539
    }
}